params,mean_test_score,std_test_score,rank_test_score
"{'tfidf__max_df': 0.9, 'tfidf__max_features': 10000, 'tfidf__min_df': 2, 'tfidf__ngram_range': (1, 2)}",0.8106320863952039,0.008700909975900277,1
"{'tfidf__max_df': 0.9, 'tfidf__max_features': 15000, 'tfidf__min_df': 2, 'tfidf__ngram_range': (1, 2)}",0.8106320863952039,0.008700909975900277,1
"{'tfidf__max_df': 0.95, 'tfidf__max_features': 15000, 'tfidf__min_df': 2, 'tfidf__ngram_range': (1, 2)}",0.8106320863952039,0.008700909975900277,1
"{'tfidf__max_df': 0.95, 'tfidf__max_features': 10000, 'tfidf__min_df': 2, 'tfidf__ngram_range': (1, 2)}",0.8106320863952039,0.008700909975900277,1
"{'tfidf__max_df': 0.95, 'tfidf__max_features': 5000, 'tfidf__min_df': 2, 'tfidf__ngram_range': (1, 2)}",0.8077793647331609,0.006836620241232481,5
"{'tfidf__max_df': 0.9, 'tfidf__max_features': 5000, 'tfidf__min_df': 2, 'tfidf__ngram_range': (1, 2)}",0.8077793647331609,0.006836620241232481,5
"{'tfidf__max_df': 0.9, 'tfidf__max_features': 15000, 'tfidf__min_df': 2, 'tfidf__ngram_range': (1, 1)}",0.7977702761740336,0.006320686021375661,7
"{'tfidf__max_df': 0.95, 'tfidf__max_features': 5000, 'tfidf__min_df': 2, 'tfidf__ngram_range': (1, 1)}",0.7977702761740336,0.006320686021375661,7
"{'tfidf__max_df': 0.95, 'tfidf__max_features': 10000, 'tfidf__min_df': 2, 'tfidf__ngram_range': (1, 1)}",0.7977702761740336,0.006320686021375661,7
"{'tfidf__max_df': 0.95, 'tfidf__max_features': 15000, 'tfidf__min_df': 2, 'tfidf__ngram_range': (1, 1)}",0.7977702761740336,0.006320686021375661,7
"{'tfidf__max_df': 0.9, 'tfidf__max_features': 10000, 'tfidf__min_df': 2, 'tfidf__ngram_range': (1, 1)}",0.7977702761740336,0.006320686021375661,7
"{'tfidf__max_df': 0.9, 'tfidf__max_features': 5000, 'tfidf__min_df': 2, 'tfidf__ngram_range': (1, 1)}",0.7977702761740336,0.006320686021375661,7
"{'tfidf__max_df': 0.95, 'tfidf__max_features': 5000, 'tfidf__min_df': 5, 'tfidf__ngram_range': (1, 2)}",0.7966025556843858,0.003975277397360978,13
"{'tfidf__max_df': 0.9, 'tfidf__max_features': 15000, 'tfidf__min_df': 5, 'tfidf__ngram_range': (1, 2)}",0.7966025556843858,0.003975277397360978,13
"{'tfidf__max_df': 0.9, 'tfidf__max_features': 5000, 'tfidf__min_df': 5, 'tfidf__ngram_range': (1, 2)}",0.7966025556843858,0.003975277397360978,13
"{'tfidf__max_df': 0.9, 'tfidf__max_features': 10000, 'tfidf__min_df': 5, 'tfidf__ngram_range': (1, 2)}",0.7966025556843858,0.003975277397360978,13
"{'tfidf__max_df': 0.95, 'tfidf__max_features': 15000, 'tfidf__min_df': 5, 'tfidf__ngram_range': (1, 2)}",0.7966025556843858,0.003975277397360978,13
"{'tfidf__max_df': 0.95, 'tfidf__max_features': 10000, 'tfidf__min_df': 5, 'tfidf__ngram_range': (1, 2)}",0.7966025556843858,0.003975277397360978,13
"{'tfidf__max_df': 0.9, 'tfidf__max_features': 5000, 'tfidf__min_df': 5, 'tfidf__ngram_range': (1, 1)}",0.784731671354519,0.00839094920245445,19
"{'tfidf__max_df': 0.9, 'tfidf__max_features': 10000, 'tfidf__min_df': 5, 'tfidf__ngram_range': (1, 1)}",0.784731671354519,0.00839094920245445,19
"{'tfidf__max_df': 0.95, 'tfidf__max_features': 5000, 'tfidf__min_df': 5, 'tfidf__ngram_range': (1, 1)}",0.784731671354519,0.00839094920245445,19
"{'tfidf__max_df': 0.9, 'tfidf__max_features': 15000, 'tfidf__min_df': 5, 'tfidf__ngram_range': (1, 1)}",0.784731671354519,0.00839094920245445,19
"{'tfidf__max_df': 0.95, 'tfidf__max_features': 10000, 'tfidf__min_df': 5, 'tfidf__ngram_range': (1, 1)}",0.784731671354519,0.00839094920245445,19
"{'tfidf__max_df': 0.95, 'tfidf__max_features': 15000, 'tfidf__min_df': 5, 'tfidf__ngram_range': (1, 1)}",0.784731671354519,0.00839094920245445,19
